"filename", "language", "Python", "TypeScript", "JSON with Comments", "Markdown", "YAML", "pip requirements", "JSON", "Docker", "TypeScript JSX", "XML", "comment", "blank", "total"
"d:\Git.Project\local-aI-dubber-desktop\electron-app\package-lock.json", "JSON", 0, 0, 0, 0, 0, 0, 5326, 0, 0, 0, 0, 1, 5327
"d:\Git.Project\local-aI-dubber-desktop\python-engine\requirements.txt", "pip requirements", 0, 0, 0, 0, 0, 11, 0, 0, 0, 0, 1, 1, 13
"d:\Git.Project\local-aI-dubber-desktop\python-engine\scripts\setup_env.py", "Python", 118, 0, 0, 0, 0, 0, 0, 0, 0, 0, 14, 30, 162
"d:\Git.Project\local-aI-dubber-desktop\python-engine\src\api\routes\pipeline.py", "Python", 76, 0, 0, 0, 0, 0, 0, 0, 0, 0, 4, 7, 87
"d:\Git.Project\local-aI-dubber-desktop\python-engine\src\api\routes\system.py", "Python", -2, 0, 0, 0, 0, 0, 0, 0, 0, 0, 0, 1, -1
"d:\Git.Project\local-aI-dubber-desktop\python-engine\src\api\routes\voices.py", "Python", 55, 0, 0, 0, 0, 0, 0, 0, 0, 0, 11, 19, 85
"d:\Git.Project\local-aI-dubber-desktop\python-engine\src\api\server.py", "Python", 16, 0, 0, 0, 0, 0, 0, 0, 0, 0, 4, 2, 22
"d:\Git.Project\local-aI-dubber-desktop\python-engine\src\core\face_cache.py", "Python", 62, 0, 0, 0, 0, 0, 0, 0, 0, 0, 13, 11, 86
"d:\Git.Project\local-aI-dubber-desktop\python-engine\src\core\gpu_detector.py", "Python", 41, 0, 0, 0, 0, 0, 0, 0, 0, 0, 10, 9, 60
"d:\Git.Project\local-aI-dubber-desktop\python-engine\src\core\lipsync_engine.py", "Python", 278, 0, 0, 0, 0, 0, 0, 0, 0, 0, 25, 62, 365
"d:\Git.Project\local-aI-dubber-desktop\python-engine\src\core\model_manager.py", "Python", 21, 0, 0, 0, 0, 0, 0, 0, 0, 0, 6, 6, 33
"d:\Git.Project\local-aI-dubber-desktop\python-engine\src\core\tts_engine.py", "Python", 110, 0, 0, 0, 0, 0, 0, 0, 0, 0, 4, 22, 136
"d:\Git.Project\local-aI-dubber-desktop\python-engine\src\core\video_synthesizer.py", "Python", 19, 0, 0, 0, 0, 0, 0, 0, 0, 0, 2, 4, 25
"d:\Git.Project\local-aI-dubber-desktop\python-engine\src\core\voice_config.py", "Python", 78, 0, 0, 0, 0, 0, 0, 0, 0, 0, 11, 9, 98
"d:\Git.Project\local-aI-dubber-desktop\python-engine\src\storage\works_repo.py", "Python", 0, 0, 0, 0, 0, 0, 0, 0, 0, 0, 0, 1, 1
"d:\Git.Project\local-aI-dubber-desktop\python-engine\third_party\CosyVoice\.github\ISSUE_TEMPLATE\bug_report.md", "Markdown", 0, 0, 0, 30, 0, 0, 0, 0, 0, 0, 0, 9, 39
"d:\Git.Project\local-aI-dubber-desktop\python-engine\third_party\CosyVoice\.github\ISSUE_TEMPLATE\feature_request.md", "Markdown", 0, 0, 0, 15, 0, 0, 0, 0, 0, 0, 0, 6, 21
"d:\Git.Project\local-aI-dubber-desktop\python-engine\third_party\CosyVoice\.github\workflows\lint.yml", "YAML", 0, 0, 0, 0, 49, 0, 0, 0, 0, 0, 4, 3, 56
"d:\Git.Project\local-aI-dubber-desktop\python-engine\third_party\CosyVoice\.github\workflows\stale-issues.yml", "YAML", 0, 0, 0, 0, 21, 0, 0, 0, 0, 0, 0, 2, 23
"d:\Git.Project\local-aI-dubber-desktop\python-engine\third_party\CosyVoice\CODE_OF_CONDUCT.md", "Markdown", 0, 0, 0, 57, 0, 0, 0, 0, 0, 0, 0, 20, 77
"d:\Git.Project\local-aI-dubber-desktop\python-engine\third_party\CosyVoice\FAQ.md", "Markdown", 0, 0, 0, 11, 0, 0, 0, 0, 0, 0, 0, 6, 17
"d:\Git.Project\local-aI-dubber-desktop\python-engine\third_party\CosyVoice\README.md", "Markdown", 0, 0, 0, 195, 0, 0, 0, 0, 0, 0, 0, 70, 265
"d:\Git.Project\local-aI-dubber-desktop\python-engine\third_party\CosyVoice\cosyvoice\__init__.py", "Python", 0, 0, 0, 0, 0, 0, 0, 0, 0, 0, 0, 1, 1
"d:\Git.Project\local-aI-dubber-desktop\python-engine\third_party\CosyVoice\cosyvoice\bin\average_model.py", "Python", 68, 0, 0, 0, 0, 0, 0, 0, 0, 0, 16, 10, 94
"d:\Git.Project\local-aI-dubber-desktop\python-engine\third_party\CosyVoice\cosyvoice\bin\export_jit.py", "Python", 67, 0, 0, 0, 0, 0, 0, 0, 0, 0, 17, 16, 100
"d:\Git.Project\local-aI-dubber-desktop\python-engine\third_party\CosyVoice\cosyvoice\bin\export_onnx.py", "Python", 83, 0, 0, 0, 0, 0, 0, 0, 0, 0, 16, 16, 115
"d:\Git.Project\local-aI-dubber-desktop\python-engine\third_party\CosyVoice\cosyvoice\bin\train.py", "Python", 145, 0, 0, 0, 0, 0, 0, 0, 0, 0, 27, 24, 196
"d:\Git.Project\local-aI-dubber-desktop\python-engine\third_party\CosyVoice\cosyvoice\cli\__init__.py", "Python", 0, 0, 0, 0, 0, 0, 0, 0, 0, 0, 0, 1, 1
"d:\Git.Project\local-aI-dubber-desktop\python-engine\third_party\CosyVoice\cosyvoice\cli\cosyvoice.py", "Python", 205, 0, 0, 0, 0, 0, 0, 0, 0, 0, 13, 21, 239
"d:\Git.Project\local-aI-dubber-desktop\python-engine\third_party\CosyVoice\cosyvoice\cli\frontend.py", "Python", 189, 0, 0, 0, 0, 0, 0, 0, 0, 0, 19, 17, 225
"d:\Git.Project\local-aI-dubber-desktop\python-engine\third_party\CosyVoice\cosyvoice\cli\model.py", "Python", 383, 0, 0, 0, 0, 0, 0, 0, 0, 0, 44, 24, 451
"d:\Git.Project\local-aI-dubber-desktop\python-engine\third_party\CosyVoice\cosyvoice\dataset\__init__.py", "Python", 0, 0, 0, 0, 0, 0, 0, 0, 0, 0, 0, 1, 1
"d:\Git.Project\local-aI-dubber-desktop\python-engine\third_party\CosyVoice\cosyvoice\dataset\dataset.py", "Python", 96, 0, 0, 0, 0, 0, 0, 0, 0, 0, 38, 22, 156
"d:\Git.Project\local-aI-dubber-desktop\python-engine\third_party\CosyVoice\cosyvoice\dataset\processor.py", "Python", 240, 0, 0, 0, 0, 0, 0, 0, 0, 0, 158, 34, 432
"d:\Git.Project\local-aI-dubber-desktop\python-engine\third_party\CosyVoice\cosyvoice\flow\DiT\dit.py", "Python", 124, 0, 0, 0, 0, 0, 0, 0, 0, 0, 15, 38, 177
"d:\Git.Project\local-aI-dubber-desktop\python-engine\third_party\CosyVoice\cosyvoice\flow\DiT\modules.py", "Python", 363, 0, 0, 0, 0, 0, 0, 0, 0, 0, 125, 129, 617
"d:\Git.Project\local-aI-dubber-desktop\python-engine\third_party\CosyVoice\cosyvoice\flow\decoder.py", "Python", 401, 0, 0, 0, 0, 0, 0, 0, 0, 0, 53, 41, 495
"d:\Git.Project\local-aI-dubber-desktop\python-engine\third_party\CosyVoice\cosyvoice\flow\flow.py", "Python", 360, 0, 0, 0, 0, 0, 0, 0, 0, 0, 40, 44, 444
"d:\Git.Project\local-aI-dubber-desktop\python-engine\third_party\CosyVoice\cosyvoice\flow\flow_matching.py", "Python", 115, 0, 0, 0, 0, 0, 0, 0, 0, 0, 92, 21, 228
"d:\Git.Project\local-aI-dubber-desktop\python-engine\third_party\CosyVoice\cosyvoice\flow\length_regulator.py", "Python", 49, 0, 0, 0, 0, 0, 0, 0, 0, 0, 17, 5, 71
"d:\Git.Project\local-aI-dubber-desktop\python-engine\third_party\CosyVoice\cosyvoice\hifigan\discriminator.py", "Python", 172, 0, 0, 0, 0, 0, 0, 0, 0, 0, 24, 35, 231
"d:\Git.Project\local-aI-dubber-desktop\python-engine\third_party\CosyVoice\cosyvoice\hifigan\f0_predictor.py", "Python", 82, 0, 0, 0, 0, 0, 0, 0, 0, 0, 13, 9, 104
"d:\Git.Project\local-aI-dubber-desktop\python-engine\third_party\CosyVoice\cosyvoice\hifigan\generator.py", "Python", 514, 0, 0, 0, 0, 0, 0, 0, 0, 0, 146, 87, 747
"d:\Git.Project\local-aI-dubber-desktop\python-engine\third_party\CosyVoice\cosyvoice\hifigan\hifigan.py", "Python", 56, 0, 0, 0, 0, 0, 0, 0, 0, 0, 6, 6, 68
"d:\Git.Project\local-aI-dubber-desktop\python-engine\third_party\CosyVoice\cosyvoice\llm\llm.py", "Python", 565, 0, 0, 0, 0, 0, 0, 0, 0, 0, 81, 60, 706
"d:\Git.Project\local-aI-dubber-desktop\python-engine\third_party\CosyVoice\cosyvoice\tokenizer\tokenizer.py", "Python", 300, 0, 0, 0, 0, 0, 0, 0, 0, 0, 3, 25, 328
"d:\Git.Project\local-aI-dubber-desktop\python-engine\third_party\CosyVoice\cosyvoice\transformer\__init__.py", "Python", 0, 0, 0, 0, 0, 0, 0, 0, 0, 0, 0, 1, 1
"d:\Git.Project\local-aI-dubber-desktop\python-engine\third_party\CosyVoice\cosyvoice\transformer\activation.py", "Python", 51, 0, 0, 0, 0, 0, 0, 0, 0, 0, 22, 12, 85
"d:\Git.Project\local-aI-dubber-desktop\python-engine\third_party\CosyVoice\cosyvoice\transformer\attention.py", "Python", 124, 0, 0, 0, 0, 0, 0, 0, 0, 0, 180, 27, 331
"d:\Git.Project\local-aI-dubber-desktop\python-engine\third_party\CosyVoice\cosyvoice\transformer\convolution.py", "Python", 187, 0, 0, 0, 0, 0, 0, 0, 0, 0, 48, 24, 259
"d:\Git.Project\local-aI-dubber-desktop\python-engine\third_party\CosyVoice\cosyvoice\transformer\decoder.py", "Python", 243, 0, 0, 0, 0, 0, 0, 0, 0, 0, 131, 23, 397
"d:\Git.Project\local-aI-dubber-desktop\python-engine\third_party\CosyVoice\cosyvoice\transformer\decoder_layer.py", "Python", 67, 0, 0, 0, 0, 0, 0, 0, 0, 0, 54, 12, 133
"d:\Git.Project\local-aI-dubber-desktop\python-engine\third_party\CosyVoice\cosyvoice\transformer\embedding.py", "Python", 144, 0, 0, 0, 0, 0, 0, 0, 0, 0, 126, 33, 303
"d:\Git.Project\local-aI-dubber-desktop\python-engine\third_party\CosyVoice\cosyvoice\transformer\encoder.py", "Python", 280, 0, 0, 0, 0, 0, 0, 0, 0, 0, 170, 25, 475
"d:\Git.Project\local-aI-dubber-desktop\python-engine\third_party\CosyVoice\cosyvoice\transformer\encoder_layer.py", "Python", 117, 0, 0, 0, 0, 0, 0, 0, 0, 0, 99, 21, 237
"d:\Git.Project\local-aI-dubber-desktop\python-engine\third_party\CosyVoice\cosyvoice\transformer\label_smoothing_loss.py", "Python", 29, 0, 0, 0, 0, 0, 0, 0, 0, 0, 62, 6, 97
"d:\Git.Project\local-aI-dubber-desktop\python-engine\third_party\CosyVoice\cosyvoice\transformer\positionwise_feed_forward.py", "Python", 50, 0, 0, 0, 0, 0, 0, 0, 0, 0, 56, 10, 116
"d:\Git.Project\local-aI-dubber-desktop\python-engine\third_party\CosyVoice\cosyvoice\transformer\subsampling.py", "Python", 176, 0, 0, 0, 0, 0, 0, 0, 0, 0, 173, 35, 384
"d:\Git.Project\local-aI-dubber-desktop\python-engine\third_party\CosyVoice\cosyvoice\transformer\upsample_encoder.py", "Python", 202, 0, 0, 0, 0, 0, 0, 0, 0, 0, 98, 22, 322
"d:\Git.Project\local-aI-dubber-desktop\python-engine\third_party\CosyVoice\cosyvoice\utils\__init__.py", "Python", 0, 0, 0, 0, 0, 0, 0, 0, 0, 0, 0, 1, 1
"d:\Git.Project\local-aI-dubber-desktop\python-engine\third_party\CosyVoice\cosyvoice\utils\class_utils.py", "Python", 62, 0, 0, 0, 0, 0, 0, 0, 0, 0, 15, 9, 86
"d:\Git.Project\local-aI-dubber-desktop\python-engine\third_party\CosyVoice\cosyvoice\utils\common.py", "Python", 134, 0, 0, 0, 0, 0, 0, 0, 0, 0, 52, 29, 215
"d:\Git.Project\local-aI-dubber-desktop\python-engine\third_party\CosyVoice\cosyvoice\utils\executor.py", "Python", 125, 0, 0, 0, 0, 0, 0, 0, 0, 0, 32, 20, 177
"d:\Git.Project\local-aI-dubber-desktop\python-engine\third_party\CosyVoice\cosyvoice\utils\file_utils.py", "Python", 84, 0, 0, 0, 0, 0, 0, 0, 0, 0, 22, 13, 119
"d:\Git.Project\local-aI-dubber-desktop\python-engine\third_party\CosyVoice\cosyvoice\utils\frontend_utils.py", "Python", 92, 0, 0, 0, 0, 0, 0, 0, 0, 0, 23, 22, 137
"d:\Git.Project\local-aI-dubber-desktop\python-engine\third_party\CosyVoice\cosyvoice\utils\losses.py", "Python", 44, 0, 0, 0, 0, 0, 0, 0, 0, 0, 4, 10, 58
"d:\Git.Project\local-aI-dubber-desktop\python-engine\third_party\CosyVoice\cosyvoice\utils\mask.py", "Python", 100, 0, 0, 0, 0, 0, 0, 0, 0, 0, 154, 12, 266
"d:\Git.Project\local-aI-dubber-desktop\python-engine\third_party\CosyVoice\cosyvoice\utils\onnx.py", "Python", 46, 0, 0, 0, 0, 0, 0, 0, 0, 0, 1, 7, 54
"d:\Git.Project\local-aI-dubber-desktop\python-engine\third_party\CosyVoice\cosyvoice\utils\scheduler.py", "Python", 462, 0, 0, 0, 0, 0, 0, 0, 0, 0, 159, 118, 739
"d:\Git.Project\local-aI-dubber-desktop\python-engine\third_party\CosyVoice\cosyvoice\utils\train_utils.py", "Python", 293, 0, 0, 0, 0, 0, 0, 0, 0, 0, 26, 49, 368
"d:\Git.Project\local-aI-dubber-desktop\python-engine\third_party\CosyVoice\cosyvoice\vllm\cosyvoice2.py", "Python", 76, 0, 0, 0, 0, 0, 0, 0, 0, 0, 25, 16, 117
"d:\Git.Project\local-aI-dubber-desktop\python-engine\third_party\CosyVoice\docker\Dockerfile", "Docker", 0, 0, 0, 0, 0, 0, 0, 32, 0, 0, 7, 13, 52
"d:\Git.Project\local-aI-dubber-desktop\python-engine\third_party\CosyVoice\example.py", "Python", 64, 0, 0, 0, 0, 0, 0, 0, 0, 0, 27, 22, 113
"d:\Git.Project\local-aI-dubber-desktop\python-engine\third_party\CosyVoice\examples\grpo\cosyvoice2\Dockerfile", "Docker", 0, 0, 0, 0, 0, 0, 0, 6, 0, 0, 0, 0, 6
"d:\Git.Project\local-aI-dubber-desktop\python-engine\third_party\CosyVoice\examples\grpo\cosyvoice2\README.md", "Markdown", 0, 0, 0, 86, 0, 0, 0, 0, 0, 0, 0, 40, 126
"d:\Git.Project\local-aI-dubber-desktop\python-engine\third_party\CosyVoice\examples\grpo\cosyvoice2\huggingface_to_pretrained.py", "Python", 42, 0, 0, 0, 0, 0, 0, 0, 0, 0, 19, 11, 72
"d:\Git.Project\local-aI-dubber-desktop\python-engine\third_party\CosyVoice\examples\grpo\cosyvoice2\infer_dataset.py", "Python", 297, 0, 0, 0, 0, 0, 0, 0, 0, 0, 48, 53, 398
"d:\Git.Project\local-aI-dubber-desktop\python-engine\third_party\CosyVoice\examples\grpo\cosyvoice2\prepare_data.py", "Python", 52, 0, 0, 0, 0, 0, 0, 0, 0, 0, 19, 16, 87
"d:\Git.Project\local-aI-dubber-desktop\python-engine\third_party\CosyVoice\examples\grpo\cosyvoice2\pretrained_to_huggingface.py", "Python", 90, 0, 0, 0, 0, 0, 0, 0, 0, 0, 25, 19, 134
"d:\Git.Project\local-aI-dubber-desktop\python-engine\third_party\CosyVoice\examples\grpo\cosyvoice2\requirements.txt", "pip requirements", 0, 0, 0, 0, 0, 31, 0, 0, 0, 0, 0, 0, 31
"d:\Git.Project\local-aI-dubber-desktop\python-engine\third_party\CosyVoice\examples\grpo\cosyvoice2\reward_tts.py", "Python", 157, 0, 0, 0, 0, 0, 0, 0, 0, 0, 38, 39, 234
"d:\Git.Project\local-aI-dubber-desktop\python-engine\third_party\CosyVoice\examples\grpo\cosyvoice2\scripts\offline-decode-files.py", "Python", 513, 0, 0, 0, 0, 0, 0, 0, 0, 0, 158, 84, 755
"d:\Git.Project\local-aI-dubber-desktop\python-engine\third_party\CosyVoice\examples\grpo\cosyvoice2\token2wav_asr_server.py", "Python", 247, 0, 0, 0, 0, 0, 0, 0, 0, 0, 52, 48, 347
"d:\Git.Project\local-aI-dubber-desktop\python-engine\third_party\CosyVoice\examples\libritts\cosyvoice2\conf\cosyvoice2.yaml", "YAML", 0, 0, 0, 0, 215, 0, 0, 0, 0, 0, 11, 11, 237
"d:\Git.Project\local-aI-dubber-desktop\python-engine\third_party\CosyVoice\examples\libritts\cosyvoice2\conf\ds_stage2.json", "JSON", 0, 0, 0, 0, 0, 0, 42, 0, 0, 0, 0, 0, 42
"d:\Git.Project\local-aI-dubber-desktop\python-engine\third_party\CosyVoice\examples\libritts\cosyvoice2\tts_text.json", "JSON", 0, 0, 0, 0, 0, 0, 1, 0, 0, 0, 0, 0, 1
"d:\Git.Project\local-aI-dubber-desktop\python-engine\third_party\CosyVoice\examples\libritts\cosyvoice3\conf\cosyvoice3.yaml", "YAML", 0, 0, 0, 0, 205, 0, 0, 0, 0, 0, 11, 12, 228
"d:\Git.Project\local-aI-dubber-desktop\python-engine\third_party\CosyVoice\examples\libritts\cosyvoice3\conf\ds_stage2.json", "JSON", 0, 0, 0, 0, 0, 0, 42, 0, 0, 0, 0, 0, 42
"d:\Git.Project\local-aI-dubber-desktop\python-engine\third_party\CosyVoice\examples\libritts\cosyvoice\conf\cosyvoice.yaml", "YAML", 0, 0, 0, 0, 238, 0, 0, 0, 0, 0, 10, 9, 257
"d:\Git.Project\local-aI-dubber-desktop\python-engine\third_party\CosyVoice\examples\libritts\cosyvoice\conf\ds_stage2.json", "JSON", 0, 0, 0, 0, 0, 0, 42, 0, 0, 0, 0, 0, 42
"d:\Git.Project\local-aI-dubber-desktop\python-engine\third_party\CosyVoice\examples\libritts\cosyvoice\local\prepare_data.py", "Python", 52, 0, 0, 0, 0, 0, 0, 0, 0, 0, 0, 9, 61
"d:\Git.Project\local-aI-dubber-desktop\python-engine\third_party\CosyVoice\examples\libritts\cosyvoice\local\prepare_reject_sample.py", "Python", 42, 0, 0, 0, 0, 0, 0, 0, 0, 0, 0, 9, 51
"d:\Git.Project\local-aI-dubber-desktop\python-engine\third_party\CosyVoice\examples\libritts\cosyvoice\tts_text.json", "JSON", 0, 0, 0, 0, 0, 0, 5, 0, 0, 0, 0, 0, 5
"d:\Git.Project\local-aI-dubber-desktop\python-engine\third_party\CosyVoice\examples\magicdata-read\cosyvoice\local\prepare_data.py", "Python", 45, 0, 0, 0, 0, 0, 0, 0, 0, 0, 0, 8, 53
"d:\Git.Project\local-aI-dubber-desktop\python-engine\third_party\CosyVoice\examples\magicdata-read\cosyvoice\tts_text.json", "JSON", 0, 0, 0, 0, 0, 0, 18, 0, 0, 0, 0, 0, 18
"d:\Git.Project\local-aI-dubber-desktop\python-engine\third_party\CosyVoice\requirements.txt", "pip requirements", 0, 0, 0, 0, 0, 42, 0, 0, 0, 0, 0, 1, 43
"d:\Git.Project\local-aI-dubber-desktop\python-engine\third_party\CosyVoice\runtime\python\Dockerfile", "Docker", 0, 0, 0, 0, 0, 0, 0, 10, 0, 0, 1, 2, 13
"d:\Git.Project\local-aI-dubber-desktop\python-engine\third_party\CosyVoice\runtime\python\fastapi\client.py", "Python", 75, 0, 0, 0, 0, 0, 0, 0, 0, 0, 13, 5, 93
"d:\Git.Project\local-aI-dubber-desktop\python-engine\third_party\CosyVoice\runtime\python\fastapi\server.py", "Python", 66, 0, 0, 0, 0, 0, 0, 0, 0, 0, 14, 16, 96
"d:\Git.Project\local-aI-dubber-desktop\python-engine\third_party\CosyVoice\runtime\python\grpc\client.py", "Python", 88, 0, 0, 0, 0, 0, 0, 0, 0, 0, 13, 6, 107
"d:\Git.Project\local-aI-dubber-desktop\python-engine\third_party\CosyVoice\runtime\python\grpc\server.py", "Python", 68, 0, 0, 0, 0, 0, 0, 0, 0, 0, 13, 10, 91
"d:\Git.Project\local-aI-dubber-desktop\python-engine\third_party\CosyVoice\runtime\triton_trtllm\README.DIT.md", "Markdown", 0, 0, 0, 111, 0, 0, 0, 0, 0, 0, 0, 31, 142
"d:\Git.Project\local-aI-dubber-desktop\python-engine\third_party\CosyVoice\runtime\triton_trtllm\README.md", "Markdown", 0, 0, 0, 113, 0, 0, 0, 0, 0, 0, 0, 34, 147
"d:\Git.Project\local-aI-dubber-desktop\python-engine\third_party\CosyVoice\runtime\triton_trtllm\client_grpc.py", "Python", 755, 0, 0, 0, 0, 0, 0, 0, 0, 0, 44, 124, 923
"d:\Git.Project\local-aI-dubber-desktop\python-engine\third_party\CosyVoice\runtime\triton_trtllm\client_http.py", "Python", 127, 0, 0, 0, 0, 0, 0, 0, 0, 0, 26, 20, 173
"d:\Git.Project\local-aI-dubber-desktop\python-engine\third_party\CosyVoice\runtime\triton_trtllm\docker-compose.dit.yml", "YAML", 0, 0, 0, 0, 20, 0, 0, 0, 0, 0, 0, 0, 20
"d:\Git.Project\local-aI-dubber-desktop\python-engine\third_party\CosyVoice\runtime\triton_trtllm\docker-compose.yml", "YAML", 0, 0, 0, 0, 20, 0, 0, 0, 0, 0, 0, 0, 20
"d:\Git.Project\local-aI-dubber-desktop\python-engine\third_party\CosyVoice\runtime\triton_trtllm\model_repo\audio_tokenizer\1\model.py", "Python", 38, 0, 0, 0, 0, 0, 0, 0, 0, 0, 47, 13, 98
"d:\Git.Project\local-aI-dubber-desktop\python-engine\third_party\CosyVoice\runtime\triton_trtllm\model_repo\cosyvoice2\1\model.py", "Python", 272, 0, 0, 0, 0, 0, 0, 0, 0, 0, 115, 68, 455
"d:\Git.Project\local-aI-dubber-desktop\python-engine\third_party\CosyVoice\runtime\triton_trtllm\model_repo\cosyvoice2_dit\1\model.py", "Python", 251, 0, 0, 0, 0, 0, 0, 0, 0, 0, 91, 53, 395
"d:\Git.Project\local-aI-dubber-desktop\python-engine\third_party\CosyVoice\runtime\triton_trtllm\model_repo\speaker_embedding\1\model.py", "Python", 85, 0, 0, 0, 0, 0, 0, 0, 0, 0, 48, 21, 154
"d:\Git.Project\local-aI-dubber-desktop\python-engine\third_party\CosyVoice\runtime\triton_trtllm\model_repo\token2wav\1\model.py", "Python", 188, 0, 0, 0, 0, 0, 0, 0, 0, 0, 52, 38, 278
"d:\Git.Project\local-aI-dubber-desktop\python-engine\third_party\CosyVoice\runtime\triton_trtllm\model_repo\token2wav_dit\1\model.py", "Python", 62, 0, 0, 0, 0, 0, 0, 0, 0, 0, 53, 28, 143
"d:\Git.Project\local-aI-dubber-desktop\python-engine\third_party\CosyVoice\runtime\triton_trtllm\model_repo\token2wav_dit\1\token2wav_dit.py", "Python", 402, 0, 0, 0, 0, 0, 0, 0, 0, 0, 32, 77, 511
"d:\Git.Project\local-aI-dubber-desktop\python-engine\third_party\CosyVoice\runtime\triton_trtllm\offline_inference.py", "Python", 563, 0, 0, 0, 0, 0, 0, 0, 0, 0, 31, 59, 653
"d:\Git.Project\local-aI-dubber-desktop\python-engine\third_party\CosyVoice\runtime\triton_trtllm\requirements.txt", "pip requirements", 0, 0, 0, 0, 0, 14, 0, 0, 0, 0, 0, 1, 15
"d:\Git.Project\local-aI-dubber-desktop\python-engine\third_party\CosyVoice\runtime\triton_trtllm\scripts\convert_checkpoint.py", "Python", 293, 0, 0, 0, 0, 0, 0, 0, 0, 0, 5, 33, 331
"d:\Git.Project\local-aI-dubber-desktop\python-engine\third_party\CosyVoice\runtime\triton_trtllm\scripts\fill_template.py", "Python", 49, 0, 0, 0, 0, 0, 0, 0, 0, 0, 10, 11, 70
"d:\Git.Project\local-aI-dubber-desktop\python-engine\third_party\CosyVoice\runtime\triton_trtllm\scripts\test_llm.py", "Python", 101, 0, 0, 0, 0, 0, 0, 0, 0, 0, 14, 24, 139
"d:\Git.Project\local-aI-dubber-desktop\python-engine\third_party\CosyVoice\runtime\triton_trtllm\streaming_inference.py", "Python", 97, 0, 0, 0, 0, 0, 0, 0, 0, 0, 1, 25, 123
"d:\Git.Project\local-aI-dubber-desktop\python-engine\third_party\CosyVoice\runtime\triton_trtllm\token2wav.py", "Python", 256, 0, 0, 0, 0, 0, 0, 0, 0, 0, 27, 53, 336
"d:\Git.Project\local-aI-dubber-desktop\python-engine\third_party\CosyVoice\runtime\triton_trtllm\token2wav_dit.py", "Python", 1, 0, 0, 0, 0, 0, 0, 0, 0, 0, 0, 0, 1
"d:\Git.Project\local-aI-dubber-desktop\python-engine\third_party\CosyVoice\tools\extract_embedding.py", "Python", 54, 0, 0, 0, 0, 0, 0, 0, 0, 0, 14, 10, 78
"d:\Git.Project\local-aI-dubber-desktop\python-engine\third_party\CosyVoice\tools\extract_speech_token.py", "Python", 48, 0, 0, 0, 0, 0, 0, 0, 0, 0, 15, 10, 73
"d:\Git.Project\local-aI-dubber-desktop\python-engine\third_party\CosyVoice\tools\make_parquet_list.py", "Python", 104, 0, 0, 0, 0, 0, 0, 0, 0, 0, 16, 9, 129
"d:\Git.Project\local-aI-dubber-desktop\python-engine\third_party\CosyVoice\vllm_example.py", "Python", 25, 0, 0, 0, 0, 0, 0, 0, 0, 0, 5, 10, 40
"d:\Git.Project\local-aI-dubber-desktop\python-engine\third_party\CosyVoice\webui.py", "Python", 138, 0, 0, 0, 0, 0, 0, 0, 0, 0, 18, 19, 175
"d:\Git.Project\local-aI-dubber-desktop\python-engine\third_party\Wav2Lip\README.md", "Markdown", 0, 0, 0, 60, 0, 0, 0, 0, 0, 0, 0, 25, 85
"d:\Git.Project\local-aI-dubber-desktop\python-engine\third_party\Wav2Lip\Wav2Lip.py", "Python", 245, 0, 0, 0, 0, 0, 0, 0, 0, 0, 8, 58, 311
"d:\Git.Project\local-aI-dubber-desktop\python-engine\third_party\Wav2Lip\__init__.py", "Python", 0, 0, 0, 0, 0, 0, 0, 0, 0, 0, 0, 1, 1
"d:\Git.Project\local-aI-dubber-desktop\python-engine\third_party\Wav2Lip\audio.py", "Python", 120, 0, 0, 0, 0, 0, 0, 0, 0, 0, 9, 47, 176
"d:\Git.Project\local-aI-dubber-desktop\python-engine\third_party\Wav2Lip\checkpoints\README.md", "Markdown", 0, 0, 0, 1, 0, 0, 0, 0, 0, 0, 0, 0, 1
"d:\Git.Project\local-aI-dubber-desktop\python-engine\third_party\Wav2Lip\checkpoints\haarcascade_frontalface_default.xml", "XML", 0, 0, 0, 0, 0, 0, 0, 0, 0, 33271, 43, 0, 33314
"d:\Git.Project\local-aI-dubber-desktop\python-engine\third_party\Wav2Lip\hparams.py", "Python", 62, 0, 0, 0, 0, 0, 0, 0, 0, 0, 19, 21, 102
"d:\Git.Project\local-aI-dubber-desktop\python-engine\third_party\Wav2Lip\models\__init__.py", "Python", 2, 0, 0, 0, 0, 0, 0, 0, 0, 0, 0, 0, 2
"d:\Git.Project\local-aI-dubber-desktop\python-engine\third_party\Wav2Lip\models\conv.py", "Python", 38, 0, 0, 0, 0, 0, 0, 0, 0, 0, 0, 7, 45
"d:\Git.Project\local-aI-dubber-desktop\python-engine\third_party\Wav2Lip\models\syncnet.py", "Python", 48, 0, 0, 0, 0, 0, 0, 0, 0, 0, 0, 19, 67
"d:\Git.Project\local-aI-dubber-desktop\python-engine\third_party\Wav2Lip\models\wav2lip.py", "Python", 133, 0, 0, 0, 0, 0, 0, 0, 0, 0, 1, 51, 185
"d:\Git.Project\local-aI-dubber-desktop\python-engine\third_party\Wav2Lip\requirements.txt", "pip requirements", 0, 0, 0, 0, 0, 7, 0, 0, 0, 0, 0, 1, 8
"d:\Git.Project\local-aI-dubber-desktop\renderer\src\pages\AvatarManager.tsx", "TypeScript JSX", 0, 0, 0, 0, 0, 0, 0, 0, 70, 0, -1, 7, 76
"d:\Git.Project\local-aI-dubber-desktop\renderer\src\pages\BatchCreation.tsx", "TypeScript JSX", 0, 0, 0, 0, 0, 0, 0, 0, 122, 0, 0, 12, 134
"d:\Git.Project\local-aI-dubber-desktop\renderer\src\pages\Home.tsx", "TypeScript JSX", 0, 0, 0, 0, 0, 0, 0, 0, 18, 0, 0, 4, 22
"d:\Git.Project\local-aI-dubber-desktop\renderer\src\pages\SingleCreation.tsx", "TypeScript JSX", 0, 0, 0, 0, 0, 0, 0, 0, 79, 0, -4, 5, 80
"d:\Git.Project\local-aI-dubber-desktop\renderer\src\pages\VoiceManager.tsx", "TypeScript JSX", 0, 0, 0, 0, 0, 0, 0, 0, 91, 0, 0, 10, 101
"d:\Git.Project\local-aI-dubber-desktop\renderer\src\stores\digitalHumans.ts", "TypeScript", 0, 74, 0, 0, 0, 0, 0, 0, 0, 0, 3, 9, 86
"d:\Git.Project\local-aI-dubber-desktop\renderer\src\stores\voices.ts", "TypeScript", 0, 76, 0, 0, 0, 0, 0, 0, 0, 0, 2, 11, 89
"d:\Git.Project\local-aI-dubber-desktop\renderer\tsconfig.json", "JSON with Comments", 0, 0, 1, 0, 0, 0, 0, 0, 0, 0, 0, 0, 1
"d:\Git.Project\local-aI-dubber-desktop\renderer\vite.config.ts", "TypeScript", 0, 1, 0, 0, 0, 0, 0, 0, 0, 0, 0, 0, 1
"Total", "-", 15092, 151, 1, 679, 768, 105, 5476, 48, 380, 33271, 4027, 3047, 63045