"filename", "language", "JSON", "JSON with Comments", "Markdown", "HTML", "Python", "TypeScript", "PowerShell", "YAML", "pip requirements", "Docker", "TypeScript JSX", "PostCSS", "MS SQL", "XML", "comment", "blank", "total"
"d:\Git.Project\local-aI-dubber-desktop\.claude\commands\speckit.analyze.md", "Markdown", 0, 0, 118, 0, 0, 0, 0, 0, 0, 0, 0, 0, 0, 0, 0, 67, 185
"d:\Git.Project\local-aI-dubber-desktop\.claude\commands\speckit.checklist.md", "Markdown", 0, 0, 230, 0, 0, 0, 0, 0, 0, 0, 0, 0, 0, 0, 0, 65, 295
"d:\Git.Project\local-aI-dubber-desktop\.claude\commands\speckit.clarify.md", "Markdown", 0, 0, 150, 0, 0, 0, 0, 0, 0, 0, 0, 0, 0, 0, 0, 32, 182
"d:\Git.Project\local-aI-dubber-desktop\.claude\commands\speckit.constitution.md", "Markdown", 0, 0, 64, 0, 0, 0, 0, 0, 0, 0, 0, 0, 0, 0, 0, 21, 85
"d:\Git.Project\local-aI-dubber-desktop\.claude\commands\speckit.implement.md", "Markdown", 0, 0, 111, 0, 0, 0, 0, 0, 0, 0, 0, 0, 0, 0, 0, 25, 136
"d:\Git.Project\local-aI-dubber-desktop\.claude\commands\speckit.plan.md", "Markdown", 0, 0, 66, 0, 0, 0, 0, 0, 0, 0, 0, 0, 0, 0, 0, 24, 90
"d:\Git.Project\local-aI-dubber-desktop\.claude\commands\speckit.specify.md", "Markdown", 0, 0, 196, 0, 0, 0, 0, 0, 0, 0, 0, 0, 0, 0, 0, 63, 259
"d:\Git.Project\local-aI-dubber-desktop\.claude\commands\speckit.tasks.md", "Markdown", 0, 0, 109, 0, 0, 0, 0, 0, 0, 0, 0, 0, 0, 0, 0, 29, 138
"d:\Git.Project\local-aI-dubber-desktop\.claude\commands\speckit.taskstoissues.md", "Markdown", 0, 0, 21, 0, 0, 0, 0, 0, 0, 0, 0, 0, 0, 0, 0, 10, 31
"d:\Git.Project\local-aI-dubber-desktop\.claude\settings.json", "JSON with Comments", 0, 23, 0, 0, 0, 0, 0, 0, 0, 0, 0, 0, 0, 0, 0, 1, 24
"d:\Git.Project\local-aI-dubber-desktop\.claude\settings.local.json", "JSON", 11, 0, 0, 0, 0, 0, 0, 0, 0, 0, 0, 0, 0, 0, 0, 1, 12
"d:\Git.Project\local-aI-dubber-desktop\.specify\memory\constitution.md", "Markdown", 0, 0, 74, 0, 0, 0, 0, 0, 0, 0, 0, 0, 0, 0, 14, 42, 130
"d:\Git.Project\local-aI-dubber-desktop\.specify\scripts\powershell\check-prerequisites.ps1", "PowerShell", 0, 0, 0, 0, 0, 0, 92, 0, 0, 0, 0, 0, 0, 0, 31, 26, 149
"d:\Git.Project\local-aI-dubber-desktop\.specify\scripts\powershell\common.ps1", "PowerShell", 0, 0, 0, 0, 0, 0, 108, 0, 0, 0, 0, 0, 0, 0, 10, 20, 138
"d:\Git.Project\local-aI-dubber-desktop\.specify\scripts\powershell\create-new-feature.ps1", "PowerShell", 0, 0, 0, 0, 0, 0, 205, 0, 0, 0, 0, 0, 0, 0, 39, 40, 284
"d:\Git.Project\local-aI-dubber-desktop\.specify\scripts\powershell\setup-plan.ps1", "PowerShell", 0, 0, 0, 0, 0, 0, 42, 0, 0, 0, 0, 0, 0, 0, 10, 10, 62
"d:\Git.Project\local-aI-dubber-desktop\.specify\scripts\powershell\update-agent-context.ps1", "PowerShell", 0, 0, 0, 0, 0, 0, 373, 0, 0, 0, 0, 0, 0, 0, 36, 43, 452
"d:\Git.Project\local-aI-dubber-desktop\.specify\templates\agent-file-template.md", "Markdown", 0, 0, 14, 0, 0, 0, 0, 0, 0, 0, 0, 0, 0, 0, 2, 13, 29
"d:\Git.Project\local-aI-dubber-desktop\.specify\templates\checklist-template.md", "Markdown", 0, 0, 18, 0, 0, 0, 0, 0, 0, 0, 0, 0, 0, 0, 13, 10, 41
"d:\Git.Project\local-aI-dubber-desktop\.specify\templates\constitution-template.md", "Markdown", 0, 0, 19, 0, 0, 0, 0, 0, 0, 0, 0, 0, 0, 0, 18, 14, 51
"d:\Git.Project\local-aI-dubber-desktop\.specify\templates\plan-template.md", "Markdown", 0, 0, 79, 0, 0, 0, 0, 0, 0, 0, 0, 0, 0, 0, 11, 26, 116
"d:\Git.Project\local-aI-dubber-desktop\.specify\templates\spec-template.md", "Markdown", 0, 0, 51, 0, 0, 0, 0, 0, 0, 0, 0, 0, 0, 0, 24, 41, 116
"d:\Git.Project\local-aI-dubber-desktop\.specify\templates\tasks-template.md", "Markdown", 0, 0, 153, 0, 0, 0, 0, 0, 0, 0, 0, 0, 0, 0, 18, 81, 252
"d:\Git.Project\local-aI-dubber-desktop\AI数字人口播桌面客户端（Windows）PRD（产品需求文档）.md", "Markdown", 0, 0, 321, 0, 0, 0, 0, 0, 0, 0, 0, 0, 0, 0, 0, 352, 673
"d:\Git.Project\local-aI-dubber-desktop\CLAUDE.md", "Markdown", 0, 0, 285, 0, 0, 0, 0, 0, 0, 0, 0, 0, 0, 0, 0, 68, 353
"d:\Git.Project\local-aI-dubber-desktop\electron-app\electron-builder.yml", "YAML", 0, 0, 0, 0, 0, 0, 0, 41, 0, 0, 0, 0, 0, 0, 0, 7, 48
"d:\Git.Project\local-aI-dubber-desktop\electron-app\package-lock.json", "JSON", 5326, 0, 0, 0, 0, 0, 0, 0, 0, 0, 0, 0, 0, 0, 0, 1, 5327
"d:\Git.Project\local-aI-dubber-desktop\electron-app\package.json", "JSON", 21, 0, 0, 0, 0, 0, 0, 0, 0, 0, 0, 0, 0, 0, 0, 1, 22
"d:\Git.Project\local-aI-dubber-desktop\electron-app\src\main\index.ts", "TypeScript", 0, 0, 0, 0, 0, 86, 0, 0, 0, 0, 0, 0, 0, 0, 1, 15, 102
"d:\Git.Project\local-aI-dubber-desktop\electron-app\src\main\ipc-bridge.ts", "TypeScript", 0, 0, 0, 0, 0, 94, 0, 0, 0, 0, 0, 0, 0, 0, 4, 20, 118
"d:\Git.Project\local-aI-dubber-desktop\electron-app\src\main\python-manager.ts", "TypeScript", 0, 0, 0, 0, 0, 119, 0, 0, 0, 0, 0, 0, 0, 0, 2, 20, 141
"d:\Git.Project\local-aI-dubber-desktop\electron-app\src\main\updater.ts", "TypeScript", 0, 0, 0, 0, 0, 52, 0, 0, 0, 0, 0, 0, 0, 0, 2, 11, 65
"d:\Git.Project\local-aI-dubber-desktop\electron-app\src\preload\index.ts", "TypeScript", 0, 0, 0, 0, 0, 48, 0, 0, 0, 0, 0, 0, 0, 0, 0, 8, 56
"d:\Git.Project\local-aI-dubber-desktop\electron-app\tsconfig.json", "JSON with Comments", 0, 19, 0, 0, 0, 0, 0, 0, 0, 0, 0, 0, 0, 0, 0, 1, 20
"d:\Git.Project\local-aI-dubber-desktop\python-engine\build_license.py", "Python", 0, 0, 0, 0, 29, 0, 0, 0, 0, 0, 0, 0, 0, 0, 16, 10, 55
"d:\Git.Project\local-aI-dubber-desktop\python-engine\requirements.txt", "pip requirements", 0, 0, 0, 0, 0, 0, 0, 0, 22, 0, 0, 0, 0, 0, 7, 7, 36
"d:\Git.Project\local-aI-dubber-desktop\python-engine\scripts\setup_env.py", "Python", 0, 0, 0, 0, 118, 0, 0, 0, 0, 0, 0, 0, 0, 0, 14, 30, 162
"d:\Git.Project\local-aI-dubber-desktop\python-engine\src\__init__.py", "Python", 0, 0, 0, 0, 0, 0, 0, 0, 0, 0, 0, 0, 0, 0, 0, 1, 1
"d:\Git.Project\local-aI-dubber-desktop\python-engine\src\api\__init__.py", "Python", 0, 0, 0, 0, 0, 0, 0, 0, 0, 0, 0, 0, 0, 0, 0, 1, 1
"d:\Git.Project\local-aI-dubber-desktop\python-engine\src\api\routes\__init__.py", "Python", 0, 0, 0, 0, 0, 0, 0, 0, 0, 0, 0, 0, 0, 0, 0, 1, 1
"d:\Git.Project\local-aI-dubber-desktop\python-engine\src\api\routes\digital_humans.py", "Python", 0, 0, 0, 0, 70, 0, 0, 0, 0, 0, 0, 0, 0, 0, 6, 23, 99
"d:\Git.Project\local-aI-dubber-desktop\python-engine\src\api\routes\license.py", "Python", 0, 0, 0, 0, 70, 0, 0, 0, 0, 0, 0, 0, 0, 0, 8, 23, 101
"d:\Git.Project\local-aI-dubber-desktop\python-engine\src\api\routes\pipeline.py", "Python", 0, 0, 0, 0, 354, 0, 0, 0, 0, 0, 0, 0, 0, 0, 25, 79, 458
"d:\Git.Project\local-aI-dubber-desktop\python-engine\src\api\routes\system.py", "Python", 0, 0, 0, 0, 63, 0, 0, 0, 0, 0, 0, 0, 0, 0, 3, 24, 90
"d:\Git.Project\local-aI-dubber-desktop\python-engine\src\api\routes\voices.py", "Python", 0, 0, 0, 0, 111, 0, 0, 0, 0, 0, 0, 0, 0, 0, 15, 40, 166
"d:\Git.Project\local-aI-dubber-desktop\python-engine\src\api\routes\works.py", "Python", 0, 0, 0, 0, 57, 0, 0, 0, 0, 0, 0, 0, 0, 0, 1, 16, 74
"d:\Git.Project\local-aI-dubber-desktop\python-engine\src\api\server.py", "Python", 0, 0, 0, 0, 84, 0, 0, 0, 0, 0, 0, 0, 0, 0, 13, 23, 120
"d:\Git.Project\local-aI-dubber-desktop\python-engine\src\core\__init__.py", "Python", 0, 0, 0, 0, 0, 0, 0, 0, 0, 0, 0, 0, 0, 0, 0, 1, 1
"d:\Git.Project\local-aI-dubber-desktop\python-engine\src\core\face_cache.py", "Python", 0, 0, 0, 0, 62, 0, 0, 0, 0, 0, 0, 0, 0, 0, 13, 11, 86
"d:\Git.Project\local-aI-dubber-desktop\python-engine\src\core\gpu_detector.py", "Python", 0, 0, 0, 0, 95, 0, 0, 0, 0, 0, 0, 0, 0, 0, 16, 20, 131
"d:\Git.Project\local-aI-dubber-desktop\python-engine\src\core\lipsync_engine.py", "Python", 0, 0, 0, 0, 308, 0, 0, 0, 0, 0, 0, 0, 0, 0, 44, 74, 426
"d:\Git.Project\local-aI-dubber-desktop\python-engine\src\core\model_manager.py", "Python", 0, 0, 0, 0, 136, 0, 0, 0, 0, 0, 0, 0, 0, 0, 33, 38, 207
"d:\Git.Project\local-aI-dubber-desktop\python-engine\src\core\tts_engine.py", "Python", 0, 0, 0, 0, 174, 0, 0, 0, 0, 0, 0, 0, 0, 0, 23, 36, 233
"d:\Git.Project\local-aI-dubber-desktop\python-engine\src\core\video_synthesizer.py", "Python", 0, 0, 0, 0, 112, 0, 0, 0, 0, 0, 0, 0, 0, 0, 25, 27, 164
"d:\Git.Project\local-aI-dubber-desktop\python-engine\src\core\voice_config.py", "Python", 0, 0, 0, 0, 78, 0, 0, 0, 0, 0, 0, 0, 0, 0, 11, 9, 98
"d:\Git.Project\local-aI-dubber-desktop\python-engine\src\license\__init__.py", "Python", 0, 0, 0, 0, 0, 0, 0, 0, 0, 0, 0, 0, 0, 0, 0, 1, 1
"d:\Git.Project\local-aI-dubber-desktop\python-engine\src\license\fingerprint.py", "Python", 0, 0, 0, 0, 30, 0, 0, 0, 0, 0, 0, 0, 0, 0, 7, 12, 49
"d:\Git.Project\local-aI-dubber-desktop\python-engine\src\license\store.py", "Python", 0, 0, 0, 0, 109, 0, 0, 0, 0, 0, 0, 0, 0, 0, 16, 27, 152
"d:\Git.Project\local-aI-dubber-desktop\python-engine\src\license\validator.py", "Python", 0, 0, 0, 0, 84, 0, 0, 0, 0, 0, 0, 0, 0, 0, 10, 15, 109
"d:\Git.Project\local-aI-dubber-desktop\python-engine\src\storage\__init__.py", "Python", 0, 0, 0, 0, 0, 0, 0, 0, 0, 0, 0, 0, 0, 0, 0, 1, 1
"d:\Git.Project\local-aI-dubber-desktop\python-engine\src\storage\database.py", "Python", 0, 0, 0, 0, 66, 0, 0, 0, 0, 0, 0, 0, 0, 0, 9, 23, 98
"d:\Git.Project\local-aI-dubber-desktop\python-engine\src\storage\digital_humans_repo.py", "Python", 0, 0, 0, 0, 99, 0, 0, 0, 0, 0, 0, 0, 0, 0, 5, 19, 123
"d:\Git.Project\local-aI-dubber-desktop\python-engine\src\storage\migrations\V001__initial_schema.sql", "MS SQL", 0, 0, 0, 0, 0, 0, 0, 0, 0, 0, 0, 0, 74, 0, 2, 7, 83
"d:\Git.Project\local-aI-dubber-desktop\python-engine\src\storage\migrations\V002__seed_data.sql", "MS SQL", 0, 0, 0, 0, 0, 0, 0, 0, 0, 0, 0, 0, 34, 0, 4, 4, 42
"d:\Git.Project\local-aI-dubber-desktop\python-engine\src\storage\settings_store.py", "Python", 0, 0, 0, 0, 60, 0, 0, 0, 0, 0, 0, 0, 0, 0, 6, 14, 80
"d:\Git.Project\local-aI-dubber-desktop\python-engine\src\storage\voice_models_repo.py", "Python", 0, 0, 0, 0, 75, 0, 0, 0, 0, 0, 0, 0, 0, 0, 2, 17, 94
"d:\Git.Project\local-aI-dubber-desktop\python-engine\src\storage\works_repo.py", "Python", 0, 0, 0, 0, 133, 0, 0, 0, 0, 0, 0, 0, 0, 0, 46, 17, 196
"d:\Git.Project\local-aI-dubber-desktop\python-engine\src\utils\__init__.py", "Python", 0, 0, 0, 0, 0, 0, 0, 0, 0, 0, 0, 0, 0, 0, 0, 1, 1
"d:\Git.Project\local-aI-dubber-desktop\python-engine\src\utils\dev_mode.py", "Python", 0, 0, 0, 0, 7, 0, 0, 0, 0, 0, 0, 0, 0, 0, 8, 4, 19
"d:\Git.Project\local-aI-dubber-desktop\python-engine\src\utils\file_utils.py", "Python", 0, 0, 0, 0, 53, 0, 0, 0, 0, 0, 0, 0, 0, 0, 7, 14, 74
"d:\Git.Project\local-aI-dubber-desktop\python-engine\src\utils\progress.py", "Python", 0, 0, 0, 0, 82, 0, 0, 0, 0, 0, 0, 0, 0, 0, 4, 19, 105
"d:\Git.Project\local-aI-dubber-desktop\python-engine\tests\__init__.py", "Python", 0, 0, 0, 0, 0, 0, 0, 0, 0, 0, 0, 0, 0, 0, 0, 1, 1
"d:\Git.Project\local-aI-dubber-desktop\python-engine\tests\integration\__init__.py", "Python", 0, 0, 0, 0, 0, 0, 0, 0, 0, 0, 0, 0, 0, 0, 0, 1, 1
"d:\Git.Project\local-aI-dubber-desktop\python-engine\tests\integration\test_digital_humans.py", "Python", 0, 0, 0, 0, 44, 0, 0, 0, 0, 0, 0, 0, 0, 0, 12, 18, 74
"d:\Git.Project\local-aI-dubber-desktop\python-engine\tests\integration\test_license.py", "Python", 0, 0, 0, 0, 41, 0, 0, 0, 0, 0, 0, 0, 0, 0, 14, 16, 71
"d:\Git.Project\local-aI-dubber-desktop\python-engine\tests\integration\test_pipeline_batch.py", "Python", 0, 0, 0, 0, 48, 0, 0, 0, 0, 0, 0, 0, 0, 0, 10, 15, 73
"d:\Git.Project\local-aI-dubber-desktop\python-engine\tests\integration\test_pipeline_single.py", "Python", 0, 0, 0, 0, 65, 0, 0, 0, 0, 0, 0, 0, 0, 0, 15, 20, 100
"d:\Git.Project\local-aI-dubber-desktop\python-engine\tests\integration\test_voices.py", "Python", 0, 0, 0, 0, 50, 0, 0, 0, 0, 0, 0, 0, 0, 0, 13, 20, 83
"d:\Git.Project\local-aI-dubber-desktop\python-engine\tests\integration\test_works.py", "Python", 0, 0, 0, 0, 44, 0, 0, 0, 0, 0, 0, 0, 0, 0, 12, 18, 74
"d:\Git.Project\local-aI-dubber-desktop\python-engine\tests\unit\__init__.py", "Python", 0, 0, 0, 0, 0, 0, 0, 0, 0, 0, 0, 0, 0, 0, 0, 1, 1
"d:\Git.Project\local-aI-dubber-desktop\python-engine\third_party\CosyVoice\.github\ISSUE_TEMPLATE\bug_report.md", "Markdown", 0, 0, 30, 0, 0, 0, 0, 0, 0, 0, 0, 0, 0, 0, 0, 9, 39
"d:\Git.Project\local-aI-dubber-desktop\python-engine\third_party\CosyVoice\.github\ISSUE_TEMPLATE\feature_request.md", "Markdown", 0, 0, 15, 0, 0, 0, 0, 0, 0, 0, 0, 0, 0, 0, 0, 6, 21
"d:\Git.Project\local-aI-dubber-desktop\python-engine\third_party\CosyVoice\.github\workflows\lint.yml", "YAML", 0, 0, 0, 0, 0, 0, 0, 49, 0, 0, 0, 0, 0, 0, 4, 3, 56
"d:\Git.Project\local-aI-dubber-desktop\python-engine\third_party\CosyVoice\.github\workflows\stale-issues.yml", "YAML", 0, 0, 0, 0, 0, 0, 0, 21, 0, 0, 0, 0, 0, 0, 0, 2, 23
"d:\Git.Project\local-aI-dubber-desktop\python-engine\third_party\CosyVoice\CODE_OF_CONDUCT.md", "Markdown", 0, 0, 57, 0, 0, 0, 0, 0, 0, 0, 0, 0, 0, 0, 0, 20, 77
"d:\Git.Project\local-aI-dubber-desktop\python-engine\third_party\CosyVoice\FAQ.md", "Markdown", 0, 0, 11, 0, 0, 0, 0, 0, 0, 0, 0, 0, 0, 0, 0, 6, 17
"d:\Git.Project\local-aI-dubber-desktop\python-engine\third_party\CosyVoice\README.md", "Markdown", 0, 0, 195, 0, 0, 0, 0, 0, 0, 0, 0, 0, 0, 0, 0, 70, 265
"d:\Git.Project\local-aI-dubber-desktop\python-engine\third_party\CosyVoice\cosyvoice\__init__.py", "Python", 0, 0, 0, 0, 0, 0, 0, 0, 0, 0, 0, 0, 0, 0, 0, 1, 1
"d:\Git.Project\local-aI-dubber-desktop\python-engine\third_party\CosyVoice\cosyvoice\bin\average_model.py", "Python", 0, 0, 0, 0, 68, 0, 0, 0, 0, 0, 0, 0, 0, 0, 16, 10, 94
"d:\Git.Project\local-aI-dubber-desktop\python-engine\third_party\CosyVoice\cosyvoice\bin\export_jit.py", "Python", 0, 0, 0, 0, 67, 0, 0, 0, 0, 0, 0, 0, 0, 0, 17, 16, 100
"d:\Git.Project\local-aI-dubber-desktop\python-engine\third_party\CosyVoice\cosyvoice\bin\export_onnx.py", "Python", 0, 0, 0, 0, 83, 0, 0, 0, 0, 0, 0, 0, 0, 0, 16, 16, 115
"d:\Git.Project\local-aI-dubber-desktop\python-engine\third_party\CosyVoice\cosyvoice\bin\train.py", "Python", 0, 0, 0, 0, 145, 0, 0, 0, 0, 0, 0, 0, 0, 0, 27, 24, 196
"d:\Git.Project\local-aI-dubber-desktop\python-engine\third_party\CosyVoice\cosyvoice\cli\__init__.py", "Python", 0, 0, 0, 0, 0, 0, 0, 0, 0, 0, 0, 0, 0, 0, 0, 1, 1
"d:\Git.Project\local-aI-dubber-desktop\python-engine\third_party\CosyVoice\cosyvoice\cli\cosyvoice.py", "Python", 0, 0, 0, 0, 205, 0, 0, 0, 0, 0, 0, 0, 0, 0, 13, 21, 239
"d:\Git.Project\local-aI-dubber-desktop\python-engine\third_party\CosyVoice\cosyvoice\cli\frontend.py", "Python", 0, 0, 0, 0, 189, 0, 0, 0, 0, 0, 0, 0, 0, 0, 19, 17, 225
"d:\Git.Project\local-aI-dubber-desktop\python-engine\third_party\CosyVoice\cosyvoice\cli\model.py", "Python", 0, 0, 0, 0, 383, 0, 0, 0, 0, 0, 0, 0, 0, 0, 44, 24, 451
"d:\Git.Project\local-aI-dubber-desktop\python-engine\third_party\CosyVoice\cosyvoice\dataset\__init__.py", "Python", 0, 0, 0, 0, 0, 0, 0, 0, 0, 0, 0, 0, 0, 0, 0, 1, 1
"d:\Git.Project\local-aI-dubber-desktop\python-engine\third_party\CosyVoice\cosyvoice\dataset\dataset.py", "Python", 0, 0, 0, 0, 96, 0, 0, 0, 0, 0, 0, 0, 0, 0, 38, 22, 156
"d:\Git.Project\local-aI-dubber-desktop\python-engine\third_party\CosyVoice\cosyvoice\dataset\processor.py", "Python", 0, 0, 0, 0, 240, 0, 0, 0, 0, 0, 0, 0, 0, 0, 158, 34, 432
"d:\Git.Project\local-aI-dubber-desktop\python-engine\third_party\CosyVoice\cosyvoice\flow\DiT\dit.py", "Python", 0, 0, 0, 0, 124, 0, 0, 0, 0, 0, 0, 0, 0, 0, 15, 38, 177
"d:\Git.Project\local-aI-dubber-desktop\python-engine\third_party\CosyVoice\cosyvoice\flow\DiT\modules.py", "Python", 0, 0, 0, 0, 363, 0, 0, 0, 0, 0, 0, 0, 0, 0, 125, 129, 617
"d:\Git.Project\local-aI-dubber-desktop\python-engine\third_party\CosyVoice\cosyvoice\flow\decoder.py", "Python", 0, 0, 0, 0, 401, 0, 0, 0, 0, 0, 0, 0, 0, 0, 53, 41, 495
"d:\Git.Project\local-aI-dubber-desktop\python-engine\third_party\CosyVoice\cosyvoice\flow\flow.py", "Python", 0, 0, 0, 0, 360, 0, 0, 0, 0, 0, 0, 0, 0, 0, 40, 44, 444
"d:\Git.Project\local-aI-dubber-desktop\python-engine\third_party\CosyVoice\cosyvoice\flow\flow_matching.py", "Python", 0, 0, 0, 0, 115, 0, 0, 0, 0, 0, 0, 0, 0, 0, 92, 21, 228
"d:\Git.Project\local-aI-dubber-desktop\python-engine\third_party\CosyVoice\cosyvoice\flow\length_regulator.py", "Python", 0, 0, 0, 0, 49, 0, 0, 0, 0, 0, 0, 0, 0, 0, 17, 5, 71
"d:\Git.Project\local-aI-dubber-desktop\python-engine\third_party\CosyVoice\cosyvoice\hifigan\discriminator.py", "Python", 0, 0, 0, 0, 172, 0, 0, 0, 0, 0, 0, 0, 0, 0, 24, 35, 231
"d:\Git.Project\local-aI-dubber-desktop\python-engine\third_party\CosyVoice\cosyvoice\hifigan\f0_predictor.py", "Python", 0, 0, 0, 0, 82, 0, 0, 0, 0, 0, 0, 0, 0, 0, 13, 9, 104
"d:\Git.Project\local-aI-dubber-desktop\python-engine\third_party\CosyVoice\cosyvoice\hifigan\generator.py", "Python", 0, 0, 0, 0, 514, 0, 0, 0, 0, 0, 0, 0, 0, 0, 146, 87, 747
"d:\Git.Project\local-aI-dubber-desktop\python-engine\third_party\CosyVoice\cosyvoice\hifigan\hifigan.py", "Python", 0, 0, 0, 0, 56, 0, 0, 0, 0, 0, 0, 0, 0, 0, 6, 6, 68
"d:\Git.Project\local-aI-dubber-desktop\python-engine\third_party\CosyVoice\cosyvoice\llm\llm.py", "Python", 0, 0, 0, 0, 565, 0, 0, 0, 0, 0, 0, 0, 0, 0, 81, 60, 706
"d:\Git.Project\local-aI-dubber-desktop\python-engine\third_party\CosyVoice\cosyvoice\tokenizer\tokenizer.py", "Python", 0, 0, 0, 0, 300, 0, 0, 0, 0, 0, 0, 0, 0, 0, 3, 25, 328
"d:\Git.Project\local-aI-dubber-desktop\python-engine\third_party\CosyVoice\cosyvoice\transformer\__init__.py", "Python", 0, 0, 0, 0, 0, 0, 0, 0, 0, 0, 0, 0, 0, 0, 0, 1, 1
"d:\Git.Project\local-aI-dubber-desktop\python-engine\third_party\CosyVoice\cosyvoice\transformer\activation.py", "Python", 0, 0, 0, 0, 51, 0, 0, 0, 0, 0, 0, 0, 0, 0, 22, 12, 85
"d:\Git.Project\local-aI-dubber-desktop\python-engine\third_party\CosyVoice\cosyvoice\transformer\attention.py", "Python", 0, 0, 0, 0, 124, 0, 0, 0, 0, 0, 0, 0, 0, 0, 180, 27, 331
"d:\Git.Project\local-aI-dubber-desktop\python-engine\third_party\CosyVoice\cosyvoice\transformer\convolution.py", "Python", 0, 0, 0, 0, 187, 0, 0, 0, 0, 0, 0, 0, 0, 0, 48, 24, 259
"d:\Git.Project\local-aI-dubber-desktop\python-engine\third_party\CosyVoice\cosyvoice\transformer\decoder.py", "Python", 0, 0, 0, 0, 243, 0, 0, 0, 0, 0, 0, 0, 0, 0, 131, 23, 397
"d:\Git.Project\local-aI-dubber-desktop\python-engine\third_party\CosyVoice\cosyvoice\transformer\decoder_layer.py", "Python", 0, 0, 0, 0, 67, 0, 0, 0, 0, 0, 0, 0, 0, 0, 54, 12, 133
"d:\Git.Project\local-aI-dubber-desktop\python-engine\third_party\CosyVoice\cosyvoice\transformer\embedding.py", "Python", 0, 0, 0, 0, 144, 0, 0, 0, 0, 0, 0, 0, 0, 0, 126, 33, 303
"d:\Git.Project\local-aI-dubber-desktop\python-engine\third_party\CosyVoice\cosyvoice\transformer\encoder.py", "Python", 0, 0, 0, 0, 280, 0, 0, 0, 0, 0, 0, 0, 0, 0, 170, 25, 475
"d:\Git.Project\local-aI-dubber-desktop\python-engine\third_party\CosyVoice\cosyvoice\transformer\encoder_layer.py", "Python", 0, 0, 0, 0, 117, 0, 0, 0, 0, 0, 0, 0, 0, 0, 99, 21, 237
"d:\Git.Project\local-aI-dubber-desktop\python-engine\third_party\CosyVoice\cosyvoice\transformer\label_smoothing_loss.py", "Python", 0, 0, 0, 0, 29, 0, 0, 0, 0, 0, 0, 0, 0, 0, 62, 6, 97
"d:\Git.Project\local-aI-dubber-desktop\python-engine\third_party\CosyVoice\cosyvoice\transformer\positionwise_feed_forward.py", "Python", 0, 0, 0, 0, 50, 0, 0, 0, 0, 0, 0, 0, 0, 0, 56, 10, 116
"d:\Git.Project\local-aI-dubber-desktop\python-engine\third_party\CosyVoice\cosyvoice\transformer\subsampling.py", "Python", 0, 0, 0, 0, 176, 0, 0, 0, 0, 0, 0, 0, 0, 0, 173, 35, 384
"d:\Git.Project\local-aI-dubber-desktop\python-engine\third_party\CosyVoice\cosyvoice\transformer\upsample_encoder.py", "Python", 0, 0, 0, 0, 202, 0, 0, 0, 0, 0, 0, 0, 0, 0, 98, 22, 322
"d:\Git.Project\local-aI-dubber-desktop\python-engine\third_party\CosyVoice\cosyvoice\utils\__init__.py", "Python", 0, 0, 0, 0, 0, 0, 0, 0, 0, 0, 0, 0, 0, 0, 0, 1, 1
"d:\Git.Project\local-aI-dubber-desktop\python-engine\third_party\CosyVoice\cosyvoice\utils\class_utils.py", "Python", 0, 0, 0, 0, 62, 0, 0, 0, 0, 0, 0, 0, 0, 0, 15, 9, 86
"d:\Git.Project\local-aI-dubber-desktop\python-engine\third_party\CosyVoice\cosyvoice\utils\common.py", "Python", 0, 0, 0, 0, 134, 0, 0, 0, 0, 0, 0, 0, 0, 0, 52, 29, 215
"d:\Git.Project\local-aI-dubber-desktop\python-engine\third_party\CosyVoice\cosyvoice\utils\executor.py", "Python", 0, 0, 0, 0, 125, 0, 0, 0, 0, 0, 0, 0, 0, 0, 32, 20, 177
"d:\Git.Project\local-aI-dubber-desktop\python-engine\third_party\CosyVoice\cosyvoice\utils\file_utils.py", "Python", 0, 0, 0, 0, 84, 0, 0, 0, 0, 0, 0, 0, 0, 0, 22, 13, 119
"d:\Git.Project\local-aI-dubber-desktop\python-engine\third_party\CosyVoice\cosyvoice\utils\frontend_utils.py", "Python", 0, 0, 0, 0, 92, 0, 0, 0, 0, 0, 0, 0, 0, 0, 23, 22, 137
"d:\Git.Project\local-aI-dubber-desktop\python-engine\third_party\CosyVoice\cosyvoice\utils\losses.py", "Python", 0, 0, 0, 0, 44, 0, 0, 0, 0, 0, 0, 0, 0, 0, 4, 10, 58
"d:\Git.Project\local-aI-dubber-desktop\python-engine\third_party\CosyVoice\cosyvoice\utils\mask.py", "Python", 0, 0, 0, 0, 100, 0, 0, 0, 0, 0, 0, 0, 0, 0, 154, 12, 266
"d:\Git.Project\local-aI-dubber-desktop\python-engine\third_party\CosyVoice\cosyvoice\utils\onnx.py", "Python", 0, 0, 0, 0, 46, 0, 0, 0, 0, 0, 0, 0, 0, 0, 1, 7, 54
"d:\Git.Project\local-aI-dubber-desktop\python-engine\third_party\CosyVoice\cosyvoice\utils\scheduler.py", "Python", 0, 0, 0, 0, 462, 0, 0, 0, 0, 0, 0, 0, 0, 0, 159, 118, 739
"d:\Git.Project\local-aI-dubber-desktop\python-engine\third_party\CosyVoice\cosyvoice\utils\train_utils.py", "Python", 0, 0, 0, 0, 293, 0, 0, 0, 0, 0, 0, 0, 0, 0, 26, 49, 368
"d:\Git.Project\local-aI-dubber-desktop\python-engine\third_party\CosyVoice\cosyvoice\vllm\cosyvoice2.py", "Python", 0, 0, 0, 0, 76, 0, 0, 0, 0, 0, 0, 0, 0, 0, 25, 16, 117
"d:\Git.Project\local-aI-dubber-desktop\python-engine\third_party\CosyVoice\docker\Dockerfile", "Docker", 0, 0, 0, 0, 0, 0, 0, 0, 0, 32, 0, 0, 0, 0, 7, 13, 52
"d:\Git.Project\local-aI-dubber-desktop\python-engine\third_party\CosyVoice\example.py", "Python", 0, 0, 0, 0, 64, 0, 0, 0, 0, 0, 0, 0, 0, 0, 27, 22, 113
"d:\Git.Project\local-aI-dubber-desktop\python-engine\third_party\CosyVoice\examples\grpo\cosyvoice2\Dockerfile", "Docker", 0, 0, 0, 0, 0, 0, 0, 0, 0, 6, 0, 0, 0, 0, 0, 0, 6
"d:\Git.Project\local-aI-dubber-desktop\python-engine\third_party\CosyVoice\examples\grpo\cosyvoice2\README.md", "Markdown", 0, 0, 86, 0, 0, 0, 0, 0, 0, 0, 0, 0, 0, 0, 0, 40, 126
"d:\Git.Project\local-aI-dubber-desktop\python-engine\third_party\CosyVoice\examples\grpo\cosyvoice2\huggingface_to_pretrained.py", "Python", 0, 0, 0, 0, 42, 0, 0, 0, 0, 0, 0, 0, 0, 0, 19, 11, 72
"d:\Git.Project\local-aI-dubber-desktop\python-engine\third_party\CosyVoice\examples\grpo\cosyvoice2\infer_dataset.py", "Python", 0, 0, 0, 0, 297, 0, 0, 0, 0, 0, 0, 0, 0, 0, 48, 53, 398
"d:\Git.Project\local-aI-dubber-desktop\python-engine\third_party\CosyVoice\examples\grpo\cosyvoice2\prepare_data.py", "Python", 0, 0, 0, 0, 52, 0, 0, 0, 0, 0, 0, 0, 0, 0, 19, 16, 87
"d:\Git.Project\local-aI-dubber-desktop\python-engine\third_party\CosyVoice\examples\grpo\cosyvoice2\pretrained_to_huggingface.py", "Python", 0, 0, 0, 0, 90, 0, 0, 0, 0, 0, 0, 0, 0, 0, 25, 19, 134
"d:\Git.Project\local-aI-dubber-desktop\python-engine\third_party\CosyVoice\examples\grpo\cosyvoice2\requirements.txt", "pip requirements", 0, 0, 0, 0, 0, 0, 0, 0, 31, 0, 0, 0, 0, 0, 0, 0, 31
"d:\Git.Project\local-aI-dubber-desktop\python-engine\third_party\CosyVoice\examples\grpo\cosyvoice2\reward_tts.py", "Python", 0, 0, 0, 0, 157, 0, 0, 0, 0, 0, 0, 0, 0, 0, 38, 39, 234
"d:\Git.Project\local-aI-dubber-desktop\python-engine\third_party\CosyVoice\examples\grpo\cosyvoice2\scripts\offline-decode-files.py", "Python", 0, 0, 0, 0, 513, 0, 0, 0, 0, 0, 0, 0, 0, 0, 158, 84, 755
"d:\Git.Project\local-aI-dubber-desktop\python-engine\third_party\CosyVoice\examples\grpo\cosyvoice2\token2wav_asr_server.py", "Python", 0, 0, 0, 0, 247, 0, 0, 0, 0, 0, 0, 0, 0, 0, 52, 48, 347
"d:\Git.Project\local-aI-dubber-desktop\python-engine\third_party\CosyVoice\examples\libritts\cosyvoice2\conf\cosyvoice2.yaml", "YAML", 0, 0, 0, 0, 0, 0, 0, 215, 0, 0, 0, 0, 0, 0, 11, 11, 237
"d:\Git.Project\local-aI-dubber-desktop\python-engine\third_party\CosyVoice\examples\libritts\cosyvoice2\conf\ds_stage2.json", "JSON", 42, 0, 0, 0, 0, 0, 0, 0, 0, 0, 0, 0, 0, 0, 0, 0, 42
"d:\Git.Project\local-aI-dubber-desktop\python-engine\third_party\CosyVoice\examples\libritts\cosyvoice2\tts_text.json", "JSON", 1, 0, 0, 0, 0, 0, 0, 0, 0, 0, 0, 0, 0, 0, 0, 0, 1
"d:\Git.Project\local-aI-dubber-desktop\python-engine\third_party\CosyVoice\examples\libritts\cosyvoice3\conf\cosyvoice3.yaml", "YAML", 0, 0, 0, 0, 0, 0, 0, 205, 0, 0, 0, 0, 0, 0, 11, 12, 228
"d:\Git.Project\local-aI-dubber-desktop\python-engine\third_party\CosyVoice\examples\libritts\cosyvoice3\conf\ds_stage2.json", "JSON", 42, 0, 0, 0, 0, 0, 0, 0, 0, 0, 0, 0, 0, 0, 0, 0, 42
"d:\Git.Project\local-aI-dubber-desktop\python-engine\third_party\CosyVoice\examples\libritts\cosyvoice\conf\cosyvoice.yaml", "YAML", 0, 0, 0, 0, 0, 0, 0, 238, 0, 0, 0, 0, 0, 0, 10, 9, 257
"d:\Git.Project\local-aI-dubber-desktop\python-engine\third_party\CosyVoice\examples\libritts\cosyvoice\conf\ds_stage2.json", "JSON", 42, 0, 0, 0, 0, 0, 0, 0, 0, 0, 0, 0, 0, 0, 0, 0, 42
"d:\Git.Project\local-aI-dubber-desktop\python-engine\third_party\CosyVoice\examples\libritts\cosyvoice\local\prepare_data.py", "Python", 0, 0, 0, 0, 52, 0, 0, 0, 0, 0, 0, 0, 0, 0, 0, 9, 61
"d:\Git.Project\local-aI-dubber-desktop\python-engine\third_party\CosyVoice\examples\libritts\cosyvoice\local\prepare_reject_sample.py", "Python", 0, 0, 0, 0, 42, 0, 0, 0, 0, 0, 0, 0, 0, 0, 0, 9, 51
"d:\Git.Project\local-aI-dubber-desktop\python-engine\third_party\CosyVoice\examples\libritts\cosyvoice\tts_text.json", "JSON", 5, 0, 0, 0, 0, 0, 0, 0, 0, 0, 0, 0, 0, 0, 0, 0, 5
"d:\Git.Project\local-aI-dubber-desktop\python-engine\third_party\CosyVoice\examples\magicdata-read\cosyvoice\local\prepare_data.py", "Python", 0, 0, 0, 0, 45, 0, 0, 0, 0, 0, 0, 0, 0, 0, 0, 8, 53
"d:\Git.Project\local-aI-dubber-desktop\python-engine\third_party\CosyVoice\examples\magicdata-read\cosyvoice\tts_text.json", "JSON", 18, 0, 0, 0, 0, 0, 0, 0, 0, 0, 0, 0, 0, 0, 0, 0, 18
"d:\Git.Project\local-aI-dubber-desktop\python-engine\third_party\CosyVoice\requirements.txt", "pip requirements", 0, 0, 0, 0, 0, 0, 0, 0, 42, 0, 0, 0, 0, 0, 0, 1, 43
"d:\Git.Project\local-aI-dubber-desktop\python-engine\third_party\CosyVoice\runtime\python\Dockerfile", "Docker", 0, 0, 0, 0, 0, 0, 0, 0, 0, 10, 0, 0, 0, 0, 1, 2, 13
"d:\Git.Project\local-aI-dubber-desktop\python-engine\third_party\CosyVoice\runtime\python\fastapi\client.py", "Python", 0, 0, 0, 0, 75, 0, 0, 0, 0, 0, 0, 0, 0, 0, 13, 5, 93
"d:\Git.Project\local-aI-dubber-desktop\python-engine\third_party\CosyVoice\runtime\python\fastapi\server.py", "Python", 0, 0, 0, 0, 66, 0, 0, 0, 0, 0, 0, 0, 0, 0, 14, 16, 96
"d:\Git.Project\local-aI-dubber-desktop\python-engine\third_party\CosyVoice\runtime\python\grpc\client.py", "Python", 0, 0, 0, 0, 88, 0, 0, 0, 0, 0, 0, 0, 0, 0, 13, 6, 107
"d:\Git.Project\local-aI-dubber-desktop\python-engine\third_party\CosyVoice\runtime\python\grpc\server.py", "Python", 0, 0, 0, 0, 68, 0, 0, 0, 0, 0, 0, 0, 0, 0, 13, 10, 91
"d:\Git.Project\local-aI-dubber-desktop\python-engine\third_party\CosyVoice\runtime\triton_trtllm\README.DIT.md", "Markdown", 0, 0, 111, 0, 0, 0, 0, 0, 0, 0, 0, 0, 0, 0, 0, 31, 142
"d:\Git.Project\local-aI-dubber-desktop\python-engine\third_party\CosyVoice\runtime\triton_trtllm\README.md", "Markdown", 0, 0, 113, 0, 0, 0, 0, 0, 0, 0, 0, 0, 0, 0, 0, 34, 147
"d:\Git.Project\local-aI-dubber-desktop\python-engine\third_party\CosyVoice\runtime\triton_trtllm\client_grpc.py", "Python", 0, 0, 0, 0, 755, 0, 0, 0, 0, 0, 0, 0, 0, 0, 44, 124, 923
"d:\Git.Project\local-aI-dubber-desktop\python-engine\third_party\CosyVoice\runtime\triton_trtllm\client_http.py", "Python", 0, 0, 0, 0, 127, 0, 0, 0, 0, 0, 0, 0, 0, 0, 26, 20, 173
"d:\Git.Project\local-aI-dubber-desktop\python-engine\third_party\CosyVoice\runtime\triton_trtllm\docker-compose.dit.yml", "YAML", 0, 0, 0, 0, 0, 0, 0, 20, 0, 0, 0, 0, 0, 0, 0, 0, 20
"d:\Git.Project\local-aI-dubber-desktop\python-engine\third_party\CosyVoice\runtime\triton_trtllm\docker-compose.yml", "YAML", 0, 0, 0, 0, 0, 0, 0, 20, 0, 0, 0, 0, 0, 0, 0, 0, 20
"d:\Git.Project\local-aI-dubber-desktop\python-engine\third_party\CosyVoice\runtime\triton_trtllm\model_repo\audio_tokenizer\1\model.py", "Python", 0, 0, 0, 0, 38, 0, 0, 0, 0, 0, 0, 0, 0, 0, 47, 13, 98
"d:\Git.Project\local-aI-dubber-desktop\python-engine\third_party\CosyVoice\runtime\triton_trtllm\model_repo\cosyvoice2\1\model.py", "Python", 0, 0, 0, 0, 272, 0, 0, 0, 0, 0, 0, 0, 0, 0, 115, 68, 455
"d:\Git.Project\local-aI-dubber-desktop\python-engine\third_party\CosyVoice\runtime\triton_trtllm\model_repo\cosyvoice2_dit\1\model.py", "Python", 0, 0, 0, 0, 251, 0, 0, 0, 0, 0, 0, 0, 0, 0, 91, 53, 395
"d:\Git.Project\local-aI-dubber-desktop\python-engine\third_party\CosyVoice\runtime\triton_trtllm\model_repo\speaker_embedding\1\model.py", "Python", 0, 0, 0, 0, 85, 0, 0, 0, 0, 0, 0, 0, 0, 0, 48, 21, 154
"d:\Git.Project\local-aI-dubber-desktop\python-engine\third_party\CosyVoice\runtime\triton_trtllm\model_repo\token2wav\1\model.py", "Python", 0, 0, 0, 0, 188, 0, 0, 0, 0, 0, 0, 0, 0, 0, 52, 38, 278
"d:\Git.Project\local-aI-dubber-desktop\python-engine\third_party\CosyVoice\runtime\triton_trtllm\model_repo\token2wav_dit\1\model.py", "Python", 0, 0, 0, 0, 62, 0, 0, 0, 0, 0, 0, 0, 0, 0, 53, 28, 143
"d:\Git.Project\local-aI-dubber-desktop\python-engine\third_party\CosyVoice\runtime\triton_trtllm\model_repo\token2wav_dit\1\token2wav_dit.py", "Python", 0, 0, 0, 0, 402, 0, 0, 0, 0, 0, 0, 0, 0, 0, 32, 77, 511
"d:\Git.Project\local-aI-dubber-desktop\python-engine\third_party\CosyVoice\runtime\triton_trtllm\offline_inference.py", "Python", 0, 0, 0, 0, 563, 0, 0, 0, 0, 0, 0, 0, 0, 0, 31, 59, 653
"d:\Git.Project\local-aI-dubber-desktop\python-engine\third_party\CosyVoice\runtime\triton_trtllm\requirements.txt", "pip requirements", 0, 0, 0, 0, 0, 0, 0, 0, 14, 0, 0, 0, 0, 0, 0, 1, 15
"d:\Git.Project\local-aI-dubber-desktop\python-engine\third_party\CosyVoice\runtime\triton_trtllm\scripts\convert_checkpoint.py", "Python", 0, 0, 0, 0, 293, 0, 0, 0, 0, 0, 0, 0, 0, 0, 5, 33, 331
"d:\Git.Project\local-aI-dubber-desktop\python-engine\third_party\CosyVoice\runtime\triton_trtllm\scripts\fill_template.py", "Python", 0, 0, 0, 0, 49, 0, 0, 0, 0, 0, 0, 0, 0, 0, 10, 11, 70
"d:\Git.Project\local-aI-dubber-desktop\python-engine\third_party\CosyVoice\runtime\triton_trtllm\scripts\test_llm.py", "Python", 0, 0, 0, 0, 101, 0, 0, 0, 0, 0, 0, 0, 0, 0, 14, 24, 139
"d:\Git.Project\local-aI-dubber-desktop\python-engine\third_party\CosyVoice\runtime\triton_trtllm\streaming_inference.py", "Python", 0, 0, 0, 0, 97, 0, 0, 0, 0, 0, 0, 0, 0, 0, 1, 25, 123
"d:\Git.Project\local-aI-dubber-desktop\python-engine\third_party\CosyVoice\runtime\triton_trtllm\token2wav.py", "Python", 0, 0, 0, 0, 256, 0, 0, 0, 0, 0, 0, 0, 0, 0, 27, 53, 336
"d:\Git.Project\local-aI-dubber-desktop\python-engine\third_party\CosyVoice\runtime\triton_trtllm\token2wav_dit.py", "Python", 0, 0, 0, 0, 1, 0, 0, 0, 0, 0, 0, 0, 0, 0, 0, 0, 1
"d:\Git.Project\local-aI-dubber-desktop\python-engine\third_party\CosyVoice\tools\extract_embedding.py", "Python", 0, 0, 0, 0, 54, 0, 0, 0, 0, 0, 0, 0, 0, 0, 14, 10, 78
"d:\Git.Project\local-aI-dubber-desktop\python-engine\third_party\CosyVoice\tools\extract_speech_token.py", "Python", 0, 0, 0, 0, 48, 0, 0, 0, 0, 0, 0, 0, 0, 0, 15, 10, 73
"d:\Git.Project\local-aI-dubber-desktop\python-engine\third_party\CosyVoice\tools\make_parquet_list.py", "Python", 0, 0, 0, 0, 104, 0, 0, 0, 0, 0, 0, 0, 0, 0, 16, 9, 129
"d:\Git.Project\local-aI-dubber-desktop\python-engine\third_party\CosyVoice\vllm_example.py", "Python", 0, 0, 0, 0, 25, 0, 0, 0, 0, 0, 0, 0, 0, 0, 5, 10, 40
"d:\Git.Project\local-aI-dubber-desktop\python-engine\third_party\CosyVoice\webui.py", "Python", 0, 0, 0, 0, 138, 0, 0, 0, 0, 0, 0, 0, 0, 0, 18, 19, 175
"d:\Git.Project\local-aI-dubber-desktop\python-engine\third_party\Wav2Lip\README.md", "Markdown", 0, 0, 60, 0, 0, 0, 0, 0, 0, 0, 0, 0, 0, 0, 0, 25, 85
"d:\Git.Project\local-aI-dubber-desktop\python-engine\third_party\Wav2Lip\Wav2Lip.py", "Python", 0, 0, 0, 0, 245, 0, 0, 0, 0, 0, 0, 0, 0, 0, 8, 58, 311
"d:\Git.Project\local-aI-dubber-desktop\python-engine\third_party\Wav2Lip\__init__.py", "Python", 0, 0, 0, 0, 0, 0, 0, 0, 0, 0, 0, 0, 0, 0, 0, 1, 1
"d:\Git.Project\local-aI-dubber-desktop\python-engine\third_party\Wav2Lip\audio.py", "Python", 0, 0, 0, 0, 120, 0, 0, 0, 0, 0, 0, 0, 0, 0, 9, 47, 176
"d:\Git.Project\local-aI-dubber-desktop\python-engine\third_party\Wav2Lip\checkpoints\README.md", "Markdown", 0, 0, 1, 0, 0, 0, 0, 0, 0, 0, 0, 0, 0, 0, 0, 0, 1
"d:\Git.Project\local-aI-dubber-desktop\python-engine\third_party\Wav2Lip\checkpoints\haarcascade_frontalface_default.xml", "XML", 0, 0, 0, 0, 0, 0, 0, 0, 0, 0, 0, 0, 0, 33271, 43, 0, 33314
"d:\Git.Project\local-aI-dubber-desktop\python-engine\third_party\Wav2Lip\hparams.py", "Python", 0, 0, 0, 0, 62, 0, 0, 0, 0, 0, 0, 0, 0, 0, 19, 21, 102
"d:\Git.Project\local-aI-dubber-desktop\python-engine\third_party\Wav2Lip\models\__init__.py", "Python", 0, 0, 0, 0, 2, 0, 0, 0, 0, 0, 0, 0, 0, 0, 0, 0, 2
"d:\Git.Project\local-aI-dubber-desktop\python-engine\third_party\Wav2Lip\models\conv.py", "Python", 0, 0, 0, 0, 38, 0, 0, 0, 0, 0, 0, 0, 0, 0, 0, 7, 45
"d:\Git.Project\local-aI-dubber-desktop\python-engine\third_party\Wav2Lip\models\syncnet.py", "Python", 0, 0, 0, 0, 48, 0, 0, 0, 0, 0, 0, 0, 0, 0, 0, 19, 67
"d:\Git.Project\local-aI-dubber-desktop\python-engine\third_party\Wav2Lip\models\wav2lip.py", "Python", 0, 0, 0, 0, 133, 0, 0, 0, 0, 0, 0, 0, 0, 0, 1, 51, 185
"d:\Git.Project\local-aI-dubber-desktop\python-engine\third_party\Wav2Lip\requirements.txt", "pip requirements", 0, 0, 0, 0, 0, 0, 0, 0, 7, 0, 0, 0, 0, 0, 0, 1, 8
"d:\Git.Project\local-aI-dubber-desktop\renderer\index.html", "HTML", 0, 0, 0, 12, 0, 0, 0, 0, 0, 0, 0, 0, 0, 0, 0, 1, 13
"d:\Git.Project\local-aI-dubber-desktop\renderer\package-lock.json", "JSON", 2548, 0, 0, 0, 0, 0, 0, 0, 0, 0, 0, 0, 0, 0, 0, 1, 2549
"d:\Git.Project\local-aI-dubber-desktop\renderer\package.json", "JSON", 29, 0, 0, 0, 0, 0, 0, 0, 0, 0, 0, 0, 0, 0, 0, 1, 30
"d:\Git.Project\local-aI-dubber-desktop\renderer\src\App.tsx", "TypeScript JSX", 0, 0, 0, 0, 0, 0, 0, 0, 0, 0, 32, 0, 0, 0, 0, 2, 34
"d:\Git.Project\local-aI-dubber-desktop\renderer\src\components\ActivationModal.tsx", "TypeScript JSX", 0, 0, 0, 0, 0, 0, 0, 0, 0, 0, 101, 0, 0, 0, 3, 12, 116
"d:\Git.Project\local-aI-dubber-desktop\renderer\src\components\ConfirmDialog.tsx", "TypeScript JSX", 0, 0, 0, 0, 0, 0, 0, 0, 0, 0, 59, 0, 0, 0, 0, 5, 64
"d:\Git.Project\local-aI-dubber-desktop\renderer\src\components\Layout.tsx", "TypeScript JSX", 0, 0, 0, 0, 0, 0, 0, 0, 0, 0, 16, 0, 0, 0, 0, 3, 19
"d:\Git.Project\local-aI-dubber-desktop\renderer\src\components\Loading.tsx", "TypeScript JSX", 0, 0, 0, 0, 0, 0, 0, 0, 0, 0, 41, 0, 0, 0, 0, 9, 50
"d:\Git.Project\local-aI-dubber-desktop\renderer\src\components\ProgressBar.tsx", "TypeScript JSX", 0, 0, 0, 0, 0, 0, 0, 0, 0, 0, 118, 0, 0, 0, 0, 14, 132
"d:\Git.Project\local-aI-dubber-desktop\renderer\src\components\Sidebar.tsx", "TypeScript JSX", 0, 0, 0, 0, 0, 0, 0, 0, 0, 0, 73, 0, 0, 0, 0, 5, 78
"d:\Git.Project\local-aI-dubber-desktop\renderer\src\components\VideoPlayer.tsx", "TypeScript JSX", 0, 0, 0, 0, 0, 0, 0, 0, 0, 0, 133, 0, 0, 0, 3, 17, 153
"d:\Git.Project\local-aI-dubber-desktop\renderer\src\constants.ts", "TypeScript", 0, 0, 0, 0, 0, 24, 0, 0, 0, 0, 0, 0, 0, 0, 0, 4, 28
"d:\Git.Project\local-aI-dubber-desktop\renderer\src\index.css", "PostCSS", 0, 0, 0, 0, 0, 0, 0, 0, 0, 0, 0, 15, 0, 0, 1, 2, 18
"d:\Git.Project\local-aI-dubber-desktop\renderer\src\main.tsx", "TypeScript JSX", 0, 0, 0, 0, 0, 0, 0, 0, 0, 0, 14, 0, 0, 0, 0, 3, 17
"d:\Git.Project\local-aI-dubber-desktop\renderer\src\pages\AvatarManager.tsx", "TypeScript JSX", 0, 0, 0, 0, 0, 0, 0, 0, 0, 0, 141, 0, 0, 0, 0, 12, 153
"d:\Git.Project\local-aI-dubber-desktop\renderer\src\pages\BatchCreation.tsx", "TypeScript JSX", 0, 0, 0, 0, 0, 0, 0, 0, 0, 0, 214, 0, 0, 0, 2, 20, 236
"d:\Git.Project\local-aI-dubber-desktop\renderer\src\pages\Help.tsx", "TypeScript JSX", 0, 0, 0, 0, 0, 0, 0, 0, 0, 0, 119, 0, 0, 0, 3, 8, 130
"d:\Git.Project\local-aI-dubber-desktop\renderer\src\pages\Home.tsx", "TypeScript JSX", 0, 0, 0, 0, 0, 0, 0, 0, 0, 0, 126, 0, 0, 0, 4, 12, 142
"d:\Git.Project\local-aI-dubber-desktop\renderer\src\pages\Settings.tsx", "TypeScript JSX", 0, 0, 0, 0, 0, 0, 0, 0, 0, 0, 198, 0, 0, 0, 5, 16, 219
"d:\Git.Project\local-aI-dubber-desktop\renderer\src\pages\SingleCreation.tsx", "TypeScript JSX", 0, 0, 0, 0, 0, 0, 0, 0, 0, 0, 485, 0, 0, 0, 11, 31, 527
"d:\Git.Project\local-aI-dubber-desktop\renderer\src\pages\VoiceManager.tsx", "TypeScript JSX", 0, 0, 0, 0, 0, 0, 0, 0, 0, 0, 163, 0, 0, 0, 0, 13, 176
"d:\Git.Project\local-aI-dubber-desktop\renderer\src\pages\WorksLibrary.tsx", "TypeScript JSX", 0, 0, 0, 0, 0, 0, 0, 0, 0, 0, 168, 0, 0, 0, 4, 16, 188
"d:\Git.Project\local-aI-dubber-desktop\renderer\src\services\engine.ts", "TypeScript", 0, 0, 0, 0, 0, 32, 0, 0, 0, 0, 0, 0, 0, 0, 6, 7, 45
"d:\Git.Project\local-aI-dubber-desktop\renderer\src\services\pipeline.ts", "TypeScript", 0, 0, 0, 0, 0, 34, 0, 0, 0, 0, 0, 0, 0, 0, 6, 9, 49
"d:\Git.Project\local-aI-dubber-desktop\renderer\src\stores\digitalHumans.ts", "TypeScript", 0, 0, 0, 0, 0, 74, 0, 0, 0, 0, 0, 0, 0, 0, 3, 9, 86
"d:\Git.Project\local-aI-dubber-desktop\renderer\src\stores\license.ts", "TypeScript", 0, 0, 0, 0, 0, 60, 0, 0, 0, 0, 0, 0, 0, 0, 1, 6, 67
"d:\Git.Project\local-aI-dubber-desktop\renderer\src\stores\project.ts", "TypeScript", 0, 0, 0, 0, 0, 88, 0, 0, 0, 0, 0, 0, 0, 0, 3, 10, 101
"d:\Git.Project\local-aI-dubber-desktop\renderer\src\stores\settings.ts", "TypeScript", 0, 0, 0, 0, 0, 59, 0, 0, 0, 0, 0, 0, 0, 0, 0, 7, 66
"d:\Git.Project\local-aI-dubber-desktop\renderer\src\stores\voices.ts", "TypeScript", 0, 0, 0, 0, 0, 76, 0, 0, 0, 0, 0, 0, 0, 0, 2, 11, 89
"d:\Git.Project\local-aI-dubber-desktop\renderer\src\stores\works.ts", "TypeScript", 0, 0, 0, 0, 0, 94, 0, 0, 0, 0, 0, 0, 0, 0, 0, 11, 105
"d:\Git.Project\local-aI-dubber-desktop\renderer\src\types.ts", "TypeScript", 0, 0, 0, 0, 0, 39, 0, 0, 0, 0, 0, 0, 0, 0, 0, 4, 43
"d:\Git.Project\local-aI-dubber-desktop\renderer\tests\e2e\help.spec.ts", "TypeScript", 0, 0, 0, 0, 0, 26, 0, 0, 0, 0, 0, 0, 0, 0, 9, 7, 42
"d:\Git.Project\local-aI-dubber-desktop\renderer\tests\e2e\home.spec.ts", "TypeScript", 0, 0, 0, 0, 0, 34, 0, 0, 0, 0, 0, 0, 0, 0, 8, 9, 51
"d:\Git.Project\local-aI-dubber-desktop\renderer\tests\e2e\settings.spec.ts", "TypeScript", 0, 0, 0, 0, 0, 30, 0, 0, 0, 0, 0, 0, 0, 0, 9, 8, 47
"d:\Git.Project\local-aI-dubber-desktop\renderer\tests\e2e\single-creation.spec.ts", "TypeScript", 0, 0, 0, 0, 0, 41, 0, 0, 0, 0, 0, 0, 0, 0, 16, 12, 69
"d:\Git.Project\local-aI-dubber-desktop\renderer\tests\e2e\works-library.spec.ts", "TypeScript", 0, 0, 0, 0, 0, 27, 0, 0, 0, 0, 0, 0, 0, 0, 9, 7, 43
"d:\Git.Project\local-aI-dubber-desktop\renderer\tsconfig.json", "JSON with Comments", 0, 22, 0, 0, 0, 0, 0, 0, 0, 0, 0, 0, 0, 0, 0, 1, 23
"d:\Git.Project\local-aI-dubber-desktop\renderer\tsconfig.tsbuildinfo", "JSON", 1, 0, 0, 0, 0, 0, 0, 0, 0, 0, 0, 0, 0, 0, 0, 0, 1
"d:\Git.Project\local-aI-dubber-desktop\renderer\vite.config.ts", "TypeScript", 0, 0, 0, 0, 0, 19, 0, 0, 0, 0, 0, 0, 0, 0, 0, 2, 21
"d:\Git.Project\local-aI-dubber-desktop\shared\ipc-types.ts", "TypeScript", 0, 0, 0, 0, 0, 291, 0, 0, 0, 0, 0, 0, 0, 0, 12, 40, 343
"d:\Git.Project\local-aI-dubber-desktop\specs\001-ai-dubber-desktop\checklists\requirements.md", "Markdown", 0, 0, 44, 0, 0, 0, 0, 0, 0, 0, 0, 0, 0, 0, 0, 12, 56
"d:\Git.Project\local-aI-dubber-desktop\specs\001-ai-dubber-desktop\contracts\ipc-api.md", "Markdown", 0, 0, 385, 0, 0, 0, 0, 0, 0, 0, 0, 0, 0, 0, 0, 107, 492
"d:\Git.Project\local-aI-dubber-desktop\specs\001-ai-dubber-desktop\contracts\license.md", "Markdown", 0, 0, 193, 0, 0, 0, 0, 0, 0, 0, 0, 0, 0, 0, 0, 52, 245
"d:\Git.Project\local-aI-dubber-desktop\specs\001-ai-dubber-desktop\data-model.md", "Markdown", 0, 0, 225, 0, 0, 0, 0, 0, 0, 0, 0, 0, 0, 0, 0, 68, 293
"d:\Git.Project\local-aI-dubber-desktop\specs\001-ai-dubber-desktop\plan.md", "Markdown", 0, 0, 136, 0, 0, 0, 0, 0, 0, 0, 0, 0, 0, 0, 0, 21, 157
"d:\Git.Project\local-aI-dubber-desktop\specs\001-ai-dubber-desktop\quickstart.md", "Markdown", 0, 0, 141, 0, 0, 0, 0, 0, 0, 0, 0, 0, 0, 0, 0, 56, 197
"d:\Git.Project\local-aI-dubber-desktop\specs\001-ai-dubber-desktop\research.md", "Markdown", 0, 0, 216, 0, 0, 0, 0, 0, 0, 0, 0, 0, 0, 0, 0, 61, 277
"d:\Git.Project\local-aI-dubber-desktop\specs\001-ai-dubber-desktop\spec.md", "Markdown", 0, 0, 258, 0, 0, 0, 0, 0, 0, 0, 0, 0, 0, 0, 0, 116, 374
"d:\Git.Project\local-aI-dubber-desktop\specs\001-ai-dubber-desktop\tasks.md", "Markdown", 0, 0, 294, 0, 0, 0, 0, 0, 0, 0, 0, 0, 0, 0, 0, 139, 433
"Total", "-", 8086, 64, 4650, 12, 17231, 1447, 820, 809, 116, 48, 2201, 15, 108, 33271, 4752, 5810, 79440